<?xml version="1.0" encoding="UTF-8"?>
<Editor version="1.0">
   <File absPath="/MATLAB Drive" lastWrittenTime="1635788139096" name="Protagonist.m">
      <CodeFolds version="1.0"/>
   </File>
   <File absPath="/MATLAB Drive" lastWrittenTime="1635789506659" name="Wall.m">
      <CodeFolds version="1.0"/>
   </File>
   <File absPath="/MATLAB Drive" lastWrittenTime="1635879446938" name="main.m">
      <CodeFolds version="1.0"/>
   </File>
   <File absPath="/MATLAB Drive" lastWrittenTime="1635880364683" name="initialize.m">
      <CodeFolds version="1.0"/>
   </File>
   <File absPath="/MATLAB Drive" lastWrittenTime="1635880399948" name="data.m">
      <CodeFolds version="1.0"/>
   </File>
   <File absPath="/MATLAB Drive" lastWrittenTime="1635880621222" name="objectiveFun.m">
      <CodeFolds version="1.0"/>
   </File>
   <File absPath="/MATLAB Drive/PROJECT" lastWrittenTime="1636872083715" name="objectiveFun.m">
      <CodeFolds version="1.0"/>
   </File>
   <File absPath="/MATLAB Drive/PROJECT" lastWrittenTime="1637041962678" name="data.m">
      <CodeFolds version="1.0"/>
   </File>
   <File absPath="/MATLAB Drive/PROJECT" lastWrittenTime="1637042039038" name="path.m">
      <CodeFolds version="1.0"/>
   </File>
   <File absPath="/MATLAB Drive/PROJECT" lastWrittenTime="1637042228118" name="cleanIt.m">
      <CodeFolds version="1.0"/>
   </File>
   <File absPath="/MATLAB Drive/PROJECT" lastWrittenTime="1637043355637" name="TLBO.m">
      <CodeFolds version="1.0"/>
   </File>
   <File absPath="/MATLAB Drive/PROJECT" lastWrittenTime="1637045140429" name="plotterBot.m">
      <CodeFolds version="1.0"/>
   </File>
   <File absPath="/MATLAB Drive/PROJECT" lastWrittenTime="1637049963883" name="plotThem.m">
      <CodeFolds version="1.0"/>
   </File>
   <File absPath="/MATLAB Drive/PROJECT" lastWrittenTime="1637059636495" name="Protagonist.m">
      <CodeFolds version="1.0"/>
   </File>
   <File absPath="/MATLAB Drive/PROJECT" lastWrittenTime="1637059682715" name="pathFinder.m">
      <CodeFolds version="1.0"/>
   </File>
   <File absPath="/MATLAB Drive/PROJECT" lastWrittenTime="1637228035729" name="objectiveFun2.m">
      <CodeFolds version="1.0"/>
   </File>
   <File absPath="/MATLAB Drive/PROJECT" lastWrittenTime="1637228460517" name="main.m">
      <CodeFolds version="1.0"/>
   </File>
   <File absPath="/MATLAB Drive/PROJECT" lastWrittenTime="1637583744585" name="dirtyWork.m">
      <CodeFolds version="1.0"/>
   </File>
   <File absPath="/MATLAB Drive/ALGOS" lastWrittenTime="1637771832149" name="PSO.m">
      <CodeFolds version="1.0"/>
   </File>
   <File absPath="/MATLAB Drive/ALGOS" lastWrittenTime="1637771847702" name="TLBO.m">
      <CodeFolds version="1.0"/>
   </File>
   <File absPath="/MATLAB Drive/ALGOS" lastWrittenTime="1637772619120" name="hello.m">
      <CodeFolds version="1.0"/>
   </File>
   <File absPath="/MATLAB Drive/ALGOS" lastWrittenTime="1637772714064" name="f1.m">
      <CodeFolds version="1.0"/>
   </File>
   <File absPath="/MATLAB Drive/ALGOS" lastWrittenTime="1637772834605" name="f3.m">
      <CodeFolds version="1.0"/>
   </File>
   <File absPath="/MATLAB Drive/ALGOS" lastWrittenTime="1637772892525" name="f2.m">
      <CodeFolds version="1.0"/>
   </File>
   <File absPath="/MATLAB Drive/ALGOS" lastWrittenTime="1637778214383" name="ABC.m">
      <CodeFolds version="1.0"/>
   </File>
   <File absPath="/MATLAB Drive/ALGOS" lastWrittenTime="1637778693523" name="cleanIt.m">
      <CodeFolds version="1.0"/>
   </File>
   <File absPath="/MATLAB Drive/ALGOS" lastWrittenTime="1637779230451" name="main.m">
      <CodeFolds version="1.0"/>
   </File>
   <File absPath="/MATLAB Drive/ALGOS" lastWrittenTime="1637838720621" name="fuck.m">
      <CodeFolds version="1.0"/>
   </File>
   <File absPath="/MATLAB Drive/ALGOS" lastWrittenTime="1637838971907" name="fity.m">
      <CodeFolds version="1.0"/>
   </File>
   <File absPath="/MATLAB Drive/ALGOS" lastWrittenTime="1637953844765" name="DE.m">
      <CodeFolds version="1.0"/>
   </File>
   <File absPath="/MATLAB Drive/PROJECT_notBruteForce" lastWrittenTime="1638006772911" name="TLBO.m">
      <CodeFolds version="1.0"/>
   </File>
   <File absPath="/MATLAB Drive/PROJECT_notBruteForce" lastWrittenTime="1638015995745" name="TLBOTime.m">
      <CodeFolds version="1.0"/>
   </File>
   <File absPath="/MATLAB Drive/PROJECT_notBruteForce" lastWrittenTime="1638016017188" name="PSOTime.m">
      <CodeFolds version="1.0"/>
   </File>
   <File absPath="/MATLAB Drive/PROJECT_notBruteForce" lastWrittenTime="1638016056062" name="ABCTime.m">
      <CodeFolds version="1.0"/>
   </File>
   <File absPath="/MATLAB Drive/PROJECT_notBruteForce" lastWrittenTime="1638016145227" name="DETime.m">
      <CodeFolds version="1.0"/>
   </File>
   <File absPath="/MATLAB Drive/PROJECT_notBruteForce" lastWrittenTime="1638020191137" name="objectiveFunTime.m">
      <CodeFolds version="1.0"/>
   </File>
   <File absPath="/MATLAB Drive/PROJECT_notBruteForce" lastWrittenTime="1638023059685" name="data.m">
      <CodeFolds version="1.0"/>
   </File>
   <File absPath="/MATLAB Drive/PROJECT_notBruteForce" lastWrittenTime="1638023093304" name="main.m">
      <CodeFolds version="1.0"/>
   </File>
</Editor>